"Paris, France"
"Tokyo, Japan"
"New York City, USA"
"London, United Kingdom"
"Rome, Italy"
"Istanbul, Turkey"
"Sydney, Australia"
"Amsterdam, Netherlands"
"Barcelona, Spain"
"Bangkok, Thailand"
"Rio de Janeiro, Brazil"
"Marrakech, Morocco"
"Dubai, UAE"
Singapore
"Cape Town, South Africa"
"Beijing, China"
"Budapest, Hungary"
"Buenos Aires, Argentina"
"Lisbon, Portugal"
Hong Kong
"Prague, Czech Republic"
"Vienna, Austria"
"Moscow, Russia"
"San Francisco, USA"
"Las Vegas, USA"
"Cairo, Egypt"
"Venice, Italy"
"Shanghai, China"
"Dublin, Ireland"
"Florence, Italy"
"Toronto, Canada"
"Seoul, South Korea"
"Copenhagen, Denmark"
"St. Petersburg, Russia"
"Athens, Greece"
"Mexico City, Mexico"
"Edinburgh, United Kingdom"
"Stockholm, Sweden"
"Havana, Cuba"
"Kuala Lumpur, Malaysia"
"Auckland, New Zealand"
"Madrid, Spain"
"Jerusalem, Israel"
"Hanoi, Vietnam"
"Miami, USA"
"Munich, Germany"
"Vancouver, Canada"
"Zurich, Switzerland"
"Taipei, Taiwan"
"New Orleans, USA"
"Jaipur, India"
"Berlin, Germany"
"Melbourne, Australia"
"Lima, Peru"
"Seattle, USA"
"Brussels, Belgium"
"Milan, Italy"
"Oslo, Norway"
"Helsinki, Finland"
"Denver, USA"
"Portland, USA"
"Bruges, Belgium"
"Manila, Philippines"
"Reykjavik, Iceland"
"Santiago, Chile"
"Ho Chi Minh City, Vietnam"
"Tel Aviv, Israel"
"Lyon, France"
"Porto, Portugal"
"Bogot√°, Colombia"
"Montreal, Canada"
"Warsaw, Poland"
"Colombo, Sri Lanka"
"Beirut, Lebanon"
"Wellington, New Zealand"
"Bucharest, Romania"
"Marrakech, Morocco"
"Phnom Penh, Cambodia"
"Sofia, Bulgaria"
"Riyadh, Saudi Arabia"
"Antwerp, Belgium"
"Geneva, Switzerland"
"Doha, Qatar"
"Lahore, Pakistan"
"Boston, USA"
"Atlanta, USA"
"Salzburg, Austria"
"Orlando, USA"
"Bali, Indonesia"
"Nairobi, Kenya"
"San Diego, USA"
"Chicago, USA"
"Thessaloniki, Greece"
"Nottingham, United Kingdom"
"Phuket, Thailand"
"Monaco, Monaco"
"Perth, Australia"
"Oslo, Norway"
"Las Palmas de Gran Canaria, Spain"
"Goa, India"